{"cameraMode":{"drawMode":0,"name":"Shaded","section":"Shading Mode"},"sceneLighting":true,"audioPlay":false,"sceneViewState":{"m_AlwaysRefresh":false,"showFog":true,"showSkybox":true,"showFlares":true,"showImageEffects":true,"showParticleSystems":true,"showVisualEffectGraphs":true,"m_FxEnabled":true},"in2DMode":false,"pivot":{"x":0.029130131006240846,"y":0.9974911212921143,"z":-0.08695194125175476},"rotation":{"x":-0.01613909937441349,"y":0.747832715511322,"z":-0.018176689743995668,"w":-0.6634763479232788},"size":1.5761231184005738,"orthographic":false}