{"cameraMode":{"drawMode":0,"name":"Shaded","section":"Shading Mode"},"sceneLighting":false,"audioPlay":false,"sceneViewState":{"showFog":true,"showMaterialUpdate":false,"showSkybox":false,"showFlares":true,"showImageEffects":true,"showParticleSystems":true},"in2DMode":false,"pivot":{"x":8.8916015625,"y":2.21435546875,"z":-2.45849609375},"rotation":{"x":0.18332548439502717,"y":-0.6128871440887451,"z":0.14901310205459596,"w":0.7540430426597595},"size":5.060965538024902,"orthographic":true}