{"cameraMode":{"drawMode":0,"name":"Shaded","section":"Shading Mode"},"sceneLighting":false,"audioPlay":false,"sceneViewState":{"showFog":true,"showMaterialUpdate":false,"showSkybox":false,"showFlares":true,"showImageEffects":true,"showParticleSystems":true},"in2DMode":false,"pivot":{"x":2.384185791015625e-7,"y":-1.5163769721984864,"z":-1.872072458267212},"rotation":{"x":0.05867790803313255,"y":-0.7870903611183167,"z":0.07579358667135239,"w":0.6093484163284302},"size":7.6690778732299809,"orthographic":true}